OUT OF STOCK:,,,
Author,Title,Genre,Price
Michael Greger,How Not to Die,nutrition,13.7
T. Colin Campbell,Studiul China,nutrition,12.1
David Perlmutter,Brain Maker: The Power of Gut Microbes to Heal and Protect Your Brain for Life,nutrition,11.8
Julie Montagu,Super Foods Super Fast,cookbook,19
Jessica Prescott,Vegan Goodness,cookbook,15
Jon Krakauer,Into Thin Air: A Personal Account of the Mt. Everest Disaster,sports,20.5
Michael Lewis,Moneyball: The Art of Winning an Unfair Game,sports,12.9
1,, of 1,
